{"episode": 100, "epsilon": 0.5190973040629868, "rewards_history": [-12.0, -10.0, -10.0, -4.0, -4.5, -10.5, -11.0, -4.5, -11.0, -11.5, -10.5, -10.5, -10.0, -9.0, -10.0, -10.0, -9.0, 7.5, -6.5, -10.0, -10.0, -9.5, -11.0, -12.5, -10.0, -3.5, -10.0, -9.5, -10.5, -4.5, -9.5, -12.0, -10.0, -4.5, -12.0, -10.0, -10.0, -10.0, -10.0, -4.0, -5.0, -10.0, -7.0, -4.5, -10.0, -4.5, -8.5, -9.5, -3.0, -11.0, -9.5, -4.5, -9.5, -10.0, -2.0, -5.5, -9.5, -10.5, -4.5, -5.0, -6.0, -11.5, -9.5, -8.0, -12.5, -7.0, -6.0, -11.0, -10.0, -10.5, -10.0, -11.0, -8.5, -3.5, 0.0, -8.5, -10.0, -3.0, -10.0, -4.5, -9.5, -4.5, -3.5, -7.5, -9.5, -10.0, -10.0, 0.0, -10.0, -15.0, -9.0, -10.0, -3.5, -8.0, -4.0, -7.5, 0.5, -9.5, -7.5, -6.5], "ious_history": [0.14084701977014458, 0.07113619006461475, 0.05859350072483591, 0.29960061500950175, 0.2572105208341812, 0.0404356441573338, 0.06305529913557385, 0.20373194769491898, 0.15903058017528987, 0.07148934653636013, 0.09322784539637104, 0.057580128648201175, 0.12012376671083017, 0.0946690145951459, 0.07681721679517771, 0.18591189259363125, 0.04076940553381351, 0.5034407441253859, 0.08741972662040652, 0.10382038549970801, 0.06715722277216502, 0.049682407281999984, 0.12179661195476263, 0.1733056169117983, 0.140899079705645, 0.230120613524681, 0.12756296631063477, 0.12001450953090977, 0.16368324825672653, 0.46316572742640155, 0.12629649188434497, 0.020195436991400143, 0.10681108465434251, 0.2276387483769242, 0.08470920946206388, 0.07634045058077235, 0.08811916926042167, 0.18794175311580005, 0.15893897724048858, 0.45986242562506047, 0.22542429821197194, 0.18438646948537207, 0.1257373750622299, 0.0618234009308175, 0.10208724605905051, 0.2710800553942378, 0.0593394785418517, 0.1607728878544945, 0.46312163991810573, 0.07152528692870362, 0.09094514668426178, 0.4230417000190191, 0.1608523914238568, 0.05770850940033741, 0.3097265089013294, 0.23956825994618142, 0.07743802875662355, 0.06389595011729356, 0.12846263295500313, 0.3111259635255367, 0.2602625356208104, 0.08308297701814911, 0.13726167708389211, 0.08989262412661037, 0.14928511356274618, 0.034921666820415746, 0.31122404580022106, 0.19649803479176253, 0.11144977186515434, 0.1506425550612093, 0.1779625449857576, 0.14806886920431217, 0.12134760496357347, 0.23083899552907913, 0.20042489569238206, 0.08568129537290549, 0.04522686987377051, 0.2374606335227343, 0.09370384881741724, 0.1263055608773605, 0.03913863739076294, 0.1140453816241887, 0.23015686495482343, 0.057394126118510344, 0.11552126293167897, 0.04669170776441895, 0.1425776078913397, 0.3731750726949704, 0.03589760177702944, 0.11218960266204225, 0.14324512338518472, 0.0, 0.1679079085774375, 0.1765224572342191, 0.24010747175457894, 0.14913184501251853, 0.02650216326791145, 0.10830646644092044, 0.26683396274926424, 0.27736447987012874]}